{"cameraMode":{"drawMode":0,"name":"Shaded","section":"Shading Mode"},"sceneLighting":false,"audioPlay":false,"sceneViewState":{"m_AlwaysRefresh":false,"showFog":true,"showSkybox":false,"showFlares":true,"showImageEffects":true,"showParticleSystems":true,"showVisualEffectGraphs":true,"m_FxEnabled":true},"in2DMode":false,"pivot":{"x":-3.230297807021998e-9,"y":1.6342763900756837,"z":-0.03253942355513573},"rotation":{"x":0.04327426850795746,"y":-0.9072657227516174,"z":0.09643889963626862,"w":0.40711599588394167},"size":0.6073950529098511,"orthographic":false}