{"cameraMode":{"drawMode":0,"name":"Shaded","section":"Shading Mode"},"sceneLighting":false,"audioPlay":false,"sceneViewState":{"m_AlwaysRefresh":false,"showFog":true,"showSkybox":false,"showFlares":true,"showImageEffects":true,"showParticleSystems":true,"showVisualEffectGraphs":true,"m_FxEnabled":true},"in2DMode":false,"pivot":{"x":0.7389601469039917,"y":2.1010875701904299,"z":2.669706344604492},"rotation":{"x":-0.001092051388695836,"y":0.9938876032829285,"z":-0.11017198860645294,"w":-0.00982985645532608},"size":0.2242531180381775,"orthographic":false}